縣市代碼,專用標識編號,旅館名稱,電話或手機號碼,營業地址,客房最低定價,客房最高定價,房間數
63000,臺北市旅館001號,旅居文旅西門驛站昆明館,(02)23818131,108臺北市萬華區昆明街142號7-8樓,10000,15000,37
63000,臺北市旅館002號,慕居行旅,(02)27295828,110臺北市信義區基隆路二段22號5樓,600,70000,25
63000,臺北市旅館003號,承攜行旅台北八德館,(02)27425575,105臺北市松山區八德路四段213號1-7樓,12000,16000,76
63000,臺北市旅館004號,丹迪旅店-大安森林公園店,(02)27076899,106臺北市大安區信義路三段33號3-10樓,12000,15000,73
63000,臺北市旅館006號,雀客快捷台北車站,(02)25590577,103臺北市大同區太原路64號1至8樓,10780,28600,58
63000,臺北市旅館007號,大來商旅,(02)27160011,105臺北市松山區長春路432號1-7樓,2000,12000,62
63000,臺北市旅館009號,漾館溫泉商旅,(02)28911118,112臺北市北投區溫泉路63號1-4樓,5888,15800,31
63000,臺北市旅館010號,和怡商務旅館,(02)27890505,115臺北市南港區重陽路122號,3380,6140,43
63000,臺北市旅館013號,皇后旅社,(02)25590489,103臺北市大同區長安西路226號1至4樓,6800,20000,20
63000,臺北市旅館015號,華麗大飯店,(02)23818111,108臺北市萬華區康定路41號,1900,12000,88
63000,臺北市旅館016號,新凱飯店,(02)25855000,104臺北市中山區新生北路3段76之1號1至10樓,3000,15000,42
63000,臺北市旅館018號,麗雅精品旅館,(02)25411133,104臺北市中山區長春路62號8樓之1,1980,1980,12
63000,臺北市旅館022號,國際大旅館,(02)28617100,112臺北市北投區湖山路一段7號,2310,3190,44
63000,臺北市旅館023號,米窩飯店-中山,(02)25910183,104臺北市中山區中山北路二段183巷30、32號3樓 ,5600,7200,13
63000,臺北市旅館027號,麗都大飯店,(02)27065600,106臺北市大安區信義路三段11號1-11樓,2700,9000,73
63000,臺北市旅館030號,黛芬旅館,(02)23719751,108臺北市萬華區昆明街76號3樓,1000,2500,15
63000,臺北市旅館031號,首都唯客樂飯店,(02)25070168,104臺北市中山區長春路187號1-9樓,5800,13000,80
63000,臺北市旅館032號,力歐時尚旅館,(02)23145296,100臺北市中正區延平南路9號1-9樓,3000,5000,37
63000,臺北市旅館033號,悅來旅館,(02)23110066,100臺北市中正區中華路一段21號6-7樓,5000,12000,26
63000,臺北市旅館034號,金財神旅館,(02)23110066,100臺北市中正區中華路一段21號3樓,5000,12000,12
63000,臺北市旅館035號,小雅旅店,(02)27631122,105臺北市松山區八德路四段616號5樓,1100,6400,17
63000,臺北市旅館040號,艾捷天麗大飯店,(02)25796162,105臺北市松山區南京東路四段156號1-11樓,30000,46000,78
63000,臺北市旅館046號,迪樂商旅,(02)25551130,103臺北市大同區延平北路一段121號1至6樓,1580,15800,28
63000,臺北市旅館047號,紫園旅社,(02)25557178,103臺北市大同區南京西路18巷30號,5200,6200,27
63000,臺北市旅館048號,富粧商務旅店,(02)23711247、 0968-321777,"108臺北市萬華區康定路6,8號2-5樓",1680,8880,28
63000,臺北市旅館049號,長虹大飯店,(02)23119193,"108臺北市萬華區漢中街36號1,3-8樓",2380,7200,68
63000,臺北市旅館050號,東皇大飯店,(02)28913027,112臺北市北投區溫泉路108號1-6樓,5000,8000,39
63000,臺北市旅館051號,梅樓商務驛站,(02)25552587,103臺北市大同區鄭州路29巷1-1號2-4樓,1490,5830,18
63000,臺北市旅館054號,旅居文旅-松山驛站,(02)27635889,105臺北市松山區八德路四段626號3樓,3000,18000,18
63000,臺北市旅館056號,南港安樂旅社,(02)26511797,115臺北市南港區南港路一段229號2-3樓,1400,1400,10
63000,臺北市旅館057號,凱統大飯店,(02)27211162,106臺北市大安區忠孝東路三段8號3-9樓,2580,3280,56
63000,臺北市旅館059號,薇閣旅館,(02)25318000,"104臺北市中山區錦州街27、29號,31號2-4樓",3800,9000,87
63000,臺北市旅館060號,華宮旅社,(02)23142627,108臺北市萬華區西昌街157號,700,700,14
63000,臺北市旅館061號,洛碁大飯店花華分館,(02)23123811,100臺北市中正區漢口街1段36號1至8樓,3000,18000,56
63000,臺北市旅館063號,京都商務旅館,(02)25673366,104臺北市中山區長春路38號3-10樓  ,3000,11000,40
63000,臺北市旅館064號,美觀園旅社,(02)23314123,108臺北市萬華區西寧南路90巷13號,1800,2800,15
63000,臺北市旅館065號,北門文旅,(02)25567797,103臺北市大同區長安西路145巷3號,1400,8000,15
63000,臺北市旅館066號,台北商旅（大安館）,(02)77119933,106臺北市大安區大安路一段135號,9200,11500,42
63000,臺北市旅館068號,葳皇時尚飯店,(02)25575379,"103臺北市大同區延平北路二段197號3, 4,11樓",18880,20880,48
63000,臺北市旅館076號,一加一旅館,(02)23892886,108臺北市萬華區昆明街34號3樓,1200,2200,13
63000,臺北市旅館078號,台北世聯商旅,(02)25626161,104臺北市中山區松江路90巷5號1至7樓,5060,7480,44
63000,臺北市旅館079號,帥客旅店,(02)23223887,100臺北市中正區羅斯福路一段90巷2號1-5樓,1500,5400,32
63000,臺北市旅館081號,客來思樂行旅,(02)23626555,"106臺北市大安區羅斯福路3段241號4-6樓,4-6樓之1",1280,5000,20
63000,臺北市旅館082號,承攜行旅台北台大館,(02)23657367,100臺北市中正區羅斯福路三段98號1-8樓,13800,18800,35
63000,臺北市旅館086號,米窩飯店-松山,(02)27565659,110臺北市信義區松山路153號2-7樓,25000,25000,33
63000,臺北市旅館087號,台北碧瑤飯店,(02)27813121,105臺北市松山區八德路二段367號1-10樓,4300,7800,84
63000,臺北市旅館089號,蒲園飯店,(02)27530772,105臺北市松山區八德路四段176號地下2樓、地下1樓、1樓、3樓至5樓、7樓,2800,32000,32
63000,臺北市旅館090號,香城大飯店松山分店,(02)27693969,105臺北市松山區市民大道六段67號1-9樓,1800,10000,56
63000,臺北市旅館092號,家賓大旅社,(02)29325915,116臺北市文山區景文街42號6-7樓,4000,6000,32
63000,臺北市旅館093號,景美大旅社,(02)29313788,116臺北市文山區景文街104號2-4樓,1000,1500,12
63000,臺北市旅館094號,城美行旅,(02)23147305,"100臺北市中正區漢口街一段88,90號1-7樓",1820,12000,59
63000,臺北市旅館096號,璞漣商務旅館西門店,(02)23718616,108臺北市萬華區成都路27巷6號,3300,4500,57
63000,臺北市旅館097號,大榮大旅社,(02)23316527,108臺北市萬華區西寧南路185號2-4樓,900,1300,17
63000,臺北市旅館099號,雲沐行旅,(02)27735177,106臺北市大安區忠孝東路四段197號13樓及13樓之4、5、6、7、8、9,16000,25000,42
63000,臺北市旅館100號,嘉賓閣旅館,(02)28930055,112臺北市北投區光明路230號B1-7樓,9800,12000,47
63000,臺北市旅館101號,晶樺商務旅店,(02)23048788,108臺北市萬華區西園路一段168號10樓,2000,2000,10
63000,臺北市旅館102號,紅菱閣賓館,(02)23619696,"108臺北市萬華區峨嵋街80,82號",1130,2380,27
63000,臺北市旅館103號,乃晶旅社,(02)23043795,108臺北市萬華區西園路一段168號12樓,2000,2000,10
63000,臺北市旅館104號,台北商旅慶城館,(02)87127589,105臺北市松山區慶城街12號,8000,16500,84
63000,臺北市旅館105號,皇家大飯店,(02)23111668,100臺北市中正區懷寧街5-1號1-6樓,4280,6680,40
63000,臺北市旅館107號,千慧旅館,(02)25552451,103臺北市大同區南京西路22號7樓,2200,3200,20
63000,臺北市旅館108號,柯達大飯店台北一店,(02)25422222,104臺北市中山區中山北路二段11巷1號及３號,1000,22000,53
63000,臺北市旅館109號,富玉莊旅社,(02)28822308,"111臺北市士林區福港街149巷15弄8,10號2-3樓",1900,2500,20
63000,臺北市旅館110號,東姿商務旅館,(02)25638866,104臺北市中山區一江街33號1-4樓,5400,7500,29
63000,臺北市旅館112號,東龍大飯店,(02)23116969,108臺北市萬華區漢口街二段23號1-7樓,1920,3200,70
63000,臺北市旅館113號,日光樂居 漢中館,(02)23116606,108臺北市萬華區漢中街147巷6號1至4樓,3000,11000,18
63000,臺北市旅館114號,內江賓?,(02)23812147,108臺北市萬華區西寧南路112號2-6樓,6800,9500,17
63000,臺北市旅館115號,西門大飯店,(02)23819922,108臺北市萬華區中華路一段78號2-6樓,2180,24880,78
63000,臺北市旅館116號,泉都溫泉會館,(02)28960077,112臺北市北投區光明路220號,1800,7200,64
63000,臺北市旅館118號,洛碁大飯店山水閣,(02)25971281,104臺北市中山區中山北路二段181號1-5樓,3000,17000,32
63000,臺北市旅館119號,洛碁大飯店慶天閣,(02)25971281,104臺北市中山區中山北路二段181號7-9樓,3000,17000,24
63000,臺北市旅館120號,洛碁大飯店協美,(02)25971281,104臺北市中山區中山北路二段181號10-12樓,3000,17000,24
63000,臺北市旅館121號,老爺商務會館,(02)25316171,104臺北市中山區南京西路1號8-11樓,3000,15000,76
63000,臺北市旅館122號,友華賓館,(02)27630505,"105臺北市松山區八德路四段656,656-1號6樓",1400,6600,30
63000,臺北市旅館123號,享住旅店 Just Live Inn,(02)23713151,"100臺北市中正區漢口街一段4,6號2-4樓",3450,4650,18
63000,臺北市旅館125號,香城大飯店,(02)27049546,106臺北市大安區信義路四段295號1至11樓,15000,16000,60
63000,臺北市旅館126號,喬合大飯店,(02)27765877,106臺北市大安區復興南路一段136號1至4樓；復興南路一段126巷10弄1號等、3號2樓至2樓之8、3號3樓至3樓之8、3號4樓至4樓之10、3號5至5樓之10、3號6樓至6樓之9,10000,14000,69
63000,臺北市旅館127號,璞漣商務旅館臺北車站店,(02)25592662,103臺北市大同區華陰街46號3樓,6000,15000,43
63000,臺北市旅館130號,一等好旅店,(02)27609255,"105臺北市松山區八德路四段624巷2號B1-1樓,4號2-6樓",1500,6000,32
63000,臺北市旅館131號,承攜行旅台北重慶館,(02)25580551,103臺北市大同區重慶北路一段62號1、4至10樓,7200,18000,168
63000,臺北市旅館132號,賓王大飯店,(02)25555182,103臺北市大同區南京西路163號3至4樓,5500,15000,53
63000,臺北市旅館135號,雲富大飯店,(02)25316767,104臺北市中山區長春路24號2樓至8樓,10000,36000,55
63000,臺北市旅館137號,柯達大飯店台北二店,(02)25255555,104臺北市中山區中山北路二段139號,1000,20000,87
63000,臺北市旅館138號,凱微精品旅館,(02)25426879,104臺北市中山區林森北路381號9-10樓,3980,5000,28
63000,臺北市旅館140號,五月家青旅台大館,(02)23652284,116臺北市文山區羅斯福路四段208號1-2樓,1000,3600,13
63000,臺北市旅館141號,欣和大旅社,(02)23660105,106臺北市大安區羅斯福路2段75-1號2-6樓,1100,2400,38
63000,臺北市旅館144號,幸福大旅社,(02)23716808,108臺北市萬華區內江街55巷26號1-4樓,3500,4500,22
63000,臺北市旅館145號,夜光商旅,(02)23815059,108臺北市萬華區內江街55巷11號1至4樓、13號2至4樓,2000,4200,16
63000,臺北市旅館146號,瑾旅南西,(02)25593232,103臺北市大同區南京西路151號6至12樓,8280,11160,45
63000,臺北市旅館147號,囍閱文創旅店,(02)23886235,108臺北市萬華區長沙街二段11號10樓,6200,9000,20
63000,臺北市旅館148號,馥悅溫泉酒店,(02)28969798,112臺北市北投區中山路26號1-5樓,11000,11000,44
63000,臺北市旅館152號,苓旅站前,(02)23814755、 0907-551203,100臺北市中正區忠孝西路一段72號4樓,1280,11180,35
63000,臺北市旅館153號,欣欣時尚旅店松山站,(02)27688832,105臺北市松山區八德路四段453巷12號8-9樓,7000,12000,32
63000,臺北市旅館154號,宏洲旅社,(02)23319841,108臺北市萬華區漢中街4號1-7樓,12000,12000,28
63000,臺北市旅館155號,欣欣時尚旅店,(02)23112898,108臺北市萬華區昆明街34號4樓,7000,12000,13
63000,臺北市旅館156號,水都溫泉會館,(02)28979060,112臺北市北投區光明路283號,3300,6000,33
63000,臺北市旅館158號,台北國際飯店,(02)66085999,104臺北市中山區南京東路一段66號3樓至10樓,6600,11800,85
63000,臺北市旅館159號,長榮桂冠酒店 (台北),(02)25019988,104臺北市中山區松江路63號,11500,68000,95
63000,臺北市旅館163號,瑞華旅社,(02)27413147,106臺北市大安區忠孝東路四段235號4-5樓,4300,4300,20
63000,臺北市旅館166號,樂爾公寓,(02)25850006,103臺北市大同區延平北路三段4號6樓、6樓之1,8000,15000,20
63000,臺北市旅館168號,台北馥敦飯店復南館,(02)27031234,106臺北市大安區復興南路二段41號,2800,30000,95
63000,臺北市旅館170號,金弘旅社,(02)25554038,103臺北市大同區南京西路316號4樓,14800,14800,19
63000,臺北市旅館172號,大欣大飯店,(02)25652155,104臺北市中山區中山北路二段27巷2-2號1-5樓 ,5500,6500,32
63000,臺北市旅館173號,新榮大旅社,(02)28812531,111臺北市士林區文林路116號,1200,1700,18
63000,臺北市旅館174號,旅居文旅中山館,(02)25117111,104臺北市中山區錦西街6號,3000,18000,70
63000,臺北市旅館177號,吉緻行旅天津館,(02)25365678、 0986-778400,104臺北市中山區天津街57號2至8樓 ,8800,12000,55
63000,臺北市旅館179號,東京國際飯店,(02)25643733,104臺北市中山區長春路39號2-6樓,3600,9000,43
63000,臺北市旅館180號,上賓大飯店,(02)25113232,104臺北市中山區錦州街23巷4號,1680,18800,50
63000,臺北市旅館182號,士林町旅店,(02)28813133,111臺北市士林區安平街26號1至4樓,1680,4200,10
63000,臺北市旅館183號,帝華旅社,(02)23118411,108臺北市萬華區桂林路89號11-12樓,1680,3080,32
63000,臺北市旅館185號,明日大飯店,(02)23755500,108臺北市萬華區成都路23號、27巷1號6至8樓,12880,16880,40
63000,臺北市旅館187號,立建賓館,(02)27691135,"105臺北市松山區八德路四段656,656-1號7-8樓",1100,9500,66
63000,臺北市旅館189號,華大HOTEL,(02)27635313,110臺北市信義區永吉路30巷150號1-7樓,1200,12000,24
63000,臺北市旅館193號,新驛旅店,(02)23148008,100臺北市中正區懷寧街7號,6000,11000,51
63000,臺北市旅館194號,台北星辰旅館,(02)23971377,100臺北市中正區金山南路一段80號1至7樓,2580,15000,52
63000,臺北市旅館195號,華冠商旅HOTEL,(02)23616076,"108臺北市萬華區西昌街137	、139號1-6樓",1100,1500,46
63000,臺北市旅館196號,嘉榮旅社,(02)25585887,103臺北市大同區太原路28巷11號2至4樓,1800,1800,15
63000,臺北市旅館197號,建山大旅社,(02)25520680,103臺北市大同區歸綏街182號2-4樓,3000,6000,13
63000,臺北市旅館198號,新驛旅店台北車站二館,(02)25555577,103臺北市大同區長安西路83號,9500,12500,50
63000,臺北市旅館207號,儷萊飯店(普亨萊大飯店),(02)23111440,100臺北市中正區中華路一段21號12樓,5000,12000,13
63000,臺北市旅館208號,台北馥敦飯店,(02)27138181,105臺北市松山區復興北路315號1-7樓,10000,70000,71
63000,臺北市旅館209號,仙渡莊旅社,(02)28913537,112臺北市北投區大度路三段304號,2000,3000,14
63000,臺北市旅館210號,美代溫泉飯店,(02)28912174,112臺北市北投區光明路281號1-3樓,2000,5600,20
63000,臺北市旅館211號,儷萊旅館,(02)23111440,"100臺北市中正區中華路一段21號4-5樓,8-11樓",3960,12000,78
63000,臺北市旅館213號,真珠賓館,(02)28127971,111臺北市士林區延平北路五段67號3樓,700,700,6
63000,臺北市旅館215號,在家行旅 ,(02)25413959,104臺北市中山區中山北路二段65巷2弄3號1-4樓     ,1000,6200,15
63000,臺北市旅館216號,葫蘆商旅,(02)28119395,111臺北市士林區重慶北路四段202號1-4樓、204號1樓,1000,9000,19
63000,臺北市旅館218號,上華旅館,(02)25911190,104臺北市中山區雙城街5號2樓至6樓,4000,22000,40
63000,臺北市旅館219號,背包棧旅店西門店,(02)89783666,108臺北市萬華區康定路25巷13號,4000,12000,19
63000,臺北市旅館221號,松林旅社,(02)23067122,108臺北市萬華區桂林路174號3至5樓及夾層、176號1至5樓及夾層,850,2600,31
63000,臺北市旅館222號,龍山旅社,(02)23064990,108臺北市萬華區西園路一段125巷13-1號1-3樓,2600,2600,14
63000,臺北市旅館225號,曲水會館,(02)28912151,112臺北市北投區溫泉路105號1-3樓,8000,19800,19
63000,臺北市旅館226號,玩行旅 大安分館,(02)87727862,106臺北市大安區大安路1段81號1-7樓、81之1號、81號2樓之1、3樓之1至之5、4樓之1至之5、5樓之1至之5、6樓之1至之5、7樓之1至之5,7380,10880,65
63000,臺北市旅館227號,美上美旅館,(02)23088105,108臺北市萬華區西園路一段168號11樓,1500,2000,9
63000,臺北市旅館229號,唐門客棧,(02)23963322,100臺北市中正區信義路二段33號2樓,2000,3000,28
63000,臺北市旅館230號,水美溫泉會館,(02)28983838,112臺北市北投區光明路224號,9000,50000,78
63000,臺北市旅館231號,力歐時尚旅館西門館,(02)23889855,"108臺北市萬華區康定路25巷36弄4,6號2-4樓",800,3000,17
63000,臺北市旅館233號,古山園旅社,(02)23067408,108臺北市萬華區華西街40巷16號,1000,2600,20
63000,臺北市旅館238號,銀座飯店,(02)25627733,104臺北市中山區林森北路289號4樓之1∼3,1680,5680,15
63000,臺北市旅館240號,星美飯店,(02)28828080,111臺北市士林區前港街38-1、38-2,1900,20000,48
63000,臺北市旅館241號,瑪奇商務旅店,(02)29321000,116臺北市文山區景中街30巷6號3-4樓,2380,3280,26
63000,臺北市旅館242號,新仕商務旅店　　,(02)25627466,104臺北市中山區民生西路8號及附2-12樓,3000,15000,44
63000,臺北市旅館243號,富順大飯店,(02)25551016,103臺北市大同區南京西路177號,1600,3900,88
63000,臺北市旅館246號,豪贊旅店,(02)23702199,108臺北市萬華區昆明街34號2樓,10000,20000,14
63000,臺北市旅館247號,新月商旅,(02)25213301,104臺北市中山區新生北路一段122號1-7樓,2000,8000,42
63000,臺北市旅館248號,北城大飯店,(02)25017601,104臺北市中山區長春路279號B1-12樓,3200,3600,55
63000,臺北市旅館250號,洛碁大飯店新仕界,(02)23118863,108臺北市萬華區昆明街139號2樓、141號3至9樓、7樓之1至13、8樓之1至8,3000,18000,107
63000,臺北市旅館251號,雅莊旅館,(02)25075999,"104臺北市中山區民族東路438號B1至4樓,440號B1至5樓",2880,3080,37
63000,臺北市旅館252號,丹迪旅店-天津店,(02)25415788,104臺北市中山區中山北路一段135巷13號,10000,12000,30
63000,臺北市旅館253號,大新飯店,(02)25068866,104臺北市中山區長春路246號11-12樓,9800,11800,11
63000,臺北市旅館254號,密都大飯店,(02)25068866,104臺北市中山區長春路246號2-9樓,10800,16800,48
63000,臺北市旅館256號,麗之湯別館,(02)28910033,112臺北市北投區溫泉路銀光巷4-2號,6000,14000,40
63000,臺北市旅館257號,鴨川旅館,(02)25603965,104臺北市中山區中山北路二段65巷2弄60號1-6樓 ,2000,2000,20
63000,臺北市旅館258號,山樂溫泉,(02)28913388,112臺北市北投區泉源路1巷17號1-2樓,4600,15000,9
63000,臺北市旅館259號,山水樂會館,(02)28922665,112臺北市北投區中和街20巷6號,8600,15000,18
63000,臺北市旅館260號,雅柏精緻旅館,(02)27645858,105臺北市松山區南京東路五段319、321、323、325、327、329、331號,9200,11000,36
63000,臺北市旅館261號,燦路都飯店,(02)25973610,104臺北市中山區民權東路1段9號地下1樓、2-10樓,6000,10000,125
63000,臺北市旅館262號,瑞沂國際飯店,0911-141111,104臺北市中山區松江路95-1號5樓 ,1650,1650,10
63000,臺北市旅館263號,君帥旅館,(02)23718812,108臺北市萬華區成都路68號8-10樓,5000,8000,35
63000,臺北市旅館264號,函舍旅館,(02)23718812,108臺北市萬華區成都路68號4-5樓,9880,15880,19
63000,臺北市旅館267號,百悅旅社,(02)23881792,"108臺北市萬華區開封街2段42巷2號1-5樓,44-1號6-7樓",1380,2580,26
63000,臺北市旅館268號,長春精品旅館,(02)27188268,105臺北市松山區慶城街29號,3600,5200,86
63000,臺北市旅館270號,緒遠旅館,(02)25682005,104臺北市中山區錦州街20號3樓,980,1580,8
63000,臺北市旅館271號,貴族商務旅館,(02)28323388,"111臺北市士林區忠誠路二段21巷10,12號1至6樓",2280,5560,49
63000,臺北市旅館274號,悠趣旅店,(02)27752277,105臺北市松山區長安東路2段219號12樓,10000,15000,27
63000,臺北市旅館275號,台北馥華商旅,(02)25118896,104臺北市中山區一江街3號、3號2樓、2樓之1至之14、3號3樓、3樓之1至之14、3號4樓、4樓之1至之14、3號5樓、5樓之1至之14、3號6樓、6樓之1至之14、3號7樓、7樓之1至之14,9000,18000,90
63000,臺北市旅館277號,城市商旅-台北南西館,(02)25507722,103臺北市大同區南京西路169號,7500,20000,80
63000,臺北市旅館278號,芝山璞旅,(02)28332323,"111臺北市士林區福國路106號1樓,2-6樓之1至7",5800,15000,41
63000,臺北市旅館279號,香榭峇里賓館,(02)27114159,106臺北市大安區忠孝東路三段305號7樓,880,1890,9
63000,臺北市旅館280號,晴悅旅店,(02)25992211,104臺北市中山區新生北路三段10號2、3樓,3500,12000,19
63000,臺北市旅館283號,春天酒店,(02)28924546,112臺北市北投區幽雅路18號,11000,25000,81
63000,臺北市旅館286號,高雅賓館,(02)27388947,106臺北市大安區和平東路三段139號及139號2樓至7樓、141號及141號2樓至5樓,1680,5300,30
63000,臺北市旅館288號,富園國際商務飯店,(02)23887890,108臺北市萬華區中華路一段178號,4800,10000,45
63000,臺北市旅館290號,太平洋商旅,(02)87808000,"110臺北市信義區光復南路495號11樓之2及13,16,17,19樓",18000,30000,48
63000,臺北市旅館291號,情覓汽車旅館 ,(02)85020689、 0930-849622,104臺北市中山區植福路189號2樓 ,2200,7200,16
63000,臺北市旅館292號,百樂匯大飯店,(02)28928288,112臺北市北投區溫泉路99號1-4樓,2500,32800,33
63000,臺北市旅館293號,印石時尚旅館,(02)86617070,116臺北市文山區秀明路二段15號,4500,12000,50
63000,臺北市旅館295號,天閣酒店(台北林森),(02)25319999,104臺北市中山區中山北路一段83巷15號1樓至6樓,12000,20000,65
63000,臺北市旅館296號,喜瑞飯店,(02)25410077,104臺北市中山區長安東路一段64號B1-10樓,10500,19000,61
63000,臺北市旅館297號,貴都飯店,(02)23029345,108臺北市萬華區西藏路192-1號,10800,22800,69
63000,臺北市旅館298號,鳳凰閣旅社,(02)28912827,112臺北市北投區溫泉路106之1號,6000,12000,25
63000,臺北市旅館299號,萬事達旅店(中華店),(02)23820889,108臺北市萬華區中華路一段82號1-9樓,4800,10800,56
63000,臺北市旅館300號,皇家季節酒店1館,(02)25554288、 0982-995803,103臺北市大同區南京西路326號1樓、2樓、3樓、4樓、5樓，及8樓、9樓,3300,4300,48
63000,臺北市旅館301號,丹迪旅店-天母店,(02)28732222,111臺北市士林區中山北路六段728巷2號1-7樓,8000,10000,54
63000,臺北市旅館302號,馥麗精品旅館,(02)26586167,114臺北市內湖區內湖路1段325、327、327之1號1至5樓,2180,5700,28
63000,臺北市旅館303號,天閣酒店台北信義,(02)25288000,110臺北市信義區忠孝東路五段297號1-6樓,15000,15000,105
63000,臺北市旅館304號,伊倫商務旅館,(02)25076666,104臺北市中山區松江路123巷10號1-4樓,6000,8000,31
63000,臺北市旅館305號,茹曦酒店,(02)27198399,105臺北市松山區敦化北路100號,20790,41580,312
63000,臺北市旅館307號,太豪大飯店,(02)27195152,105臺北市松山區興安街137號1-6樓,8000,10000,38
63000,臺北市旅館308號,香城大飯店豪悅分店,(02)25177272,104臺北市中山區松江路93巷9號1至8樓及9號2、3、4、5樓之1至之7、6樓之1至之3、7樓之1、8樓之1及97巷18號,6400,8000,32
63000,臺北市旅館309號,溫拿旅館,(02)28213191,112臺北市北投區承德路7段380號1-5樓,1980,2500,28
63000,臺北市旅館310號,金來商旅,(02)23979399,"100臺北市中正區金山南路1段71號B1-7樓,71之1號2-7樓",15000,19000,48
63000,臺北市旅館311號,維多麗亞酒店,(02)85020007、 0983-033100,104臺北市中山區敬業四路168號,11550,23100,96
63000,臺北市旅館312號,友徠精品旅館,(02)26510101,115臺北市南港區重陽路57巷15號,2280,8200,26
63000,臺北市旅館315號,寶格利時尚旅館,(02)23821314,108臺北市萬華區中華路一段168號1-15樓,10800,11800,46
63000,臺北市旅館317號,多郎明哥旅館,(02)27001200,106臺北市大安區信義路三段73號,2580,12000,30
63000,臺北市旅館318號,大地酒店,(02)55518888,112臺北市北投區奇岩路1號,13800,60000,48
63000,臺北市旅館319號,華弘怡亨酒店,(02)27848888,106臺北市大安區敦化南路一段370號,12000,38000,68
63000,臺北市旅館320號,台北青年國際旅館,(02)23113201,100臺北市中正區許昌街19號1樓及4-10樓,2200,7200,99
63000,臺北市旅館321號,三二行館,(02)66117888,112臺北市北投區中山路32號,29800,29800,5
63000,臺北市旅館323號,神旺商務酒店,(02)25115185,"104臺北市中山區南京東路一段128號,2至13樓",13600,13600,81
63000,臺北市旅館324號,宏都金殿大飯店,(02)27556599,106臺北市大安區安和路2段100號2-9樓,5000,16000,32
63000,臺北市旅館325號,富逸旅趣-北車開封館,(02)23881788,100臺北市中正區開封街1段41號2-9樓,3800,25000,42
63000,臺北市旅館326號,采舍精品旅館,(02)25963969,104臺北市中山區農安街34號3樓及7樓,4800,6800,35
63000,臺北市旅館328號,東鑫商務旅館,(02)87736638,"106臺北市大安區忠孝東路四段209號11樓,11樓-1,-2,211號11樓,11樓-1",1780,9800,25
63000,臺北市旅館329號,小王子甜蜜旅店,(02)23820225,108臺北市萬華區漢中街42號9樓,10000,20000,9
63000,臺北市旅館331號,柔美商旅,(02)25031133,104臺北市中山區建國北路二段64巷9號,22000,28000,47
63000,臺北市旅館334號,皇家季節酒店2館,(02)25556488、 0982-995803,103臺北市大同區南京西路330號1至11樓,3500,9000,46
63000,臺北市旅館335號,新舍商旅-林森館,(02)77431000,104臺北市中山區林森北路477號,9900,16500,79
63000,臺北市旅館340號,宜津美侖大飯店,(02)55793888,"106臺北市大安區復興南路1段315號,317號,317號2樓",14000,56000,143
63000,臺北市旅館341號,璽愛旅店,(02)23880808,"100臺北市中正區忠孝西路一段72號3樓,3樓之1",10000,30000,39
63000,臺北市旅館342號,薇閣精品旅館,(02)85026000,104臺北市中山區敬業三路11號2-7樓,4700,16800,96
63000,臺北市旅館343號,正二旅館,(02)23708008,100臺北市中正區漢口街一段2號3-9樓,2000,20000,55
63000,臺北市旅館344號,同一大飯店,(02)25923977,104臺北市中山區農安街36號3-10樓　,9800,11800,95
63000,臺北市旅館345號,旅居文旅-西門驛站,(02)23880050,108臺北市萬華區西寧南路67號5-9樓,8000,18000,38
63000,臺北市旅館346號,沐蘭精品旅館,(02)85023397,104臺北市中山區堤頂大道2段460號,14500,14500,46
63000,臺北市旅館348號,捷絲旅西門町店,(02)23709000,100臺北市中正區中華路一段41號5-9樓,3200,10120,143
63000,臺北市旅館349號,探索汽車旅館南港館,(02)26537727,115臺北市南港區重陽路66號1至4樓,3980,19980,61
63000,臺北市旅館355號,家美瑞品 台北,(02)23581234,100臺北市中正區北平東路12號2至9樓,7500,24000,68
63000,臺北市旅館356號,臺北車站智選假日酒店,(02)25505799,103臺北市大同區重慶北路一段73號1樓至7樓,8800,12000,152
63000,臺北市旅館357號,豪爵旅館,(02)25942977,104臺北市中山區吉林路379巷20號1至7樓及20之1號2樓至7樓、德惠街170巷24號1樓,1780,6200,53
63000,臺北市旅館360號,鼎正國際商務旅館,(02)27780920,106臺北市大安區忠孝東路四段197號12樓、12樓之1、12樓之4、12樓之5、12樓之9,1000,8800,41
63000,臺北市旅館361號,西門大飯店西寧館,(02)23615205,108臺北市萬華區西寧南路36號10樓之3,11000,20000,22
63000,臺北市旅館362號,雀客藏居台北南港,(02)26512251,115臺北市南港區重陽路59號,22880,36080,105
63000,臺北市旅館364號,金都精緻溫泉飯店,(02)28911228,112臺北市北投區光明路240號1-6樓,10500,12800,31
63000,臺北市旅館365號,新驛旅店台北車站三館,(02)77327777,"103臺北市大同區長安西路77,79號1-7樓",9500,12500,66
63000,臺北市旅館366號,新驛旅店西門捷運店,(02)77252288,"100臺北市中正區衡陽路124號1、2、4、6、7樓,寶慶路63號",2200,13000,44
63000,臺北市旅館367號,立德北投溫泉飯店,(02)28973611,112臺北市北投區幽雅路11號B1-3樓,8500,14500,25
63000,臺北市旅館368號,雀客旅館台北信義,(02)23459777、 0908-715217,110臺北市信義區信義路四段468號3-13樓,22800,33800,88
63000,臺北市旅館369號,台北馥華商旅南港館,(02)27852655,115臺北市南港區三重路23號1-4樓,13000,13000,66
63000,臺北市旅館370號,東門大旅社,(02)23560210,100臺北市中正區臨沂街78號2-4樓,650,2200,26
63000,臺北市旅館371號,天閣酒店(台北南西),(02)25679999,104臺北市中山區南京西路3號1至9樓,11800,11800,52
63000,臺北市旅館374號,城市商旅南東館,(02)27425888,105臺北市松山區南京東路五段411號地下三樓至7樓,3000,20000,127
63000,臺北市旅館375號,雀客旅館台北內湖,(02)87925319,114臺北市內湖區民權東路六段123巷34弄1號1至12樓,18480,39600,87
63000,臺北市旅館376號,洛碁大飯店林森館,(02)25955225,104臺北市中山區林森北路617號1至10樓,3000,17000,80
63000,臺北市旅館377號,探索汽車旅館延平館,(02)88112588,111臺北市士林區延平北路五段23號2至5樓及23之1號2至5樓,3380,12880,40
63000,臺北市旅館378號,意寬精品旅館 HOME HOTEL,(02)87890111,110臺北市信義區松仁路90號1樓、3至12樓,5900,50000,121
63000,臺北市旅館380號,柯達大飯店敦南店,(02)27323333,106臺北市大安區敦化南路二段238號B1-14樓,15000,22000,77
63000,臺北市旅館381號,二十輪旅店,(02)23810500,108臺北市萬華區武昌街二段72號5樓、6樓、10樓,4900,5400,48
63000,臺北市旅館385號,富驛時尚酒店　,(02)55720777,104臺北市中山區南京東路三段131號10樓至13樓,7590,21620,180
63000,臺北市旅館386號,台北西門町意舍酒店,(02)23755111,108臺北市萬華區武昌街二段77號5-10樓,3927,18249,162
63000,臺北市旅館387號,西門航棧旅館,(02)23880777,"108臺北市萬華區中華路一段144號7-8樓,7樓之1,8樓之1",2280,22880,38
63000,臺北市旅館389號,香樹花園酒店,(02)85023955,104臺北市中山區堤頂大道二段566號1樓、2樓、4 樓（四層至六層）、7樓（七層至十一層）,18000,67500,84
63000,臺北市旅館392號,薆悅酒店,(02)23753388,108臺北市萬華區西寧南路107號1至10樓,8000,12000,53
63000,臺北市旅館393號,洛碁大飯店舞衣南京館,(02)25035511,104臺北市中山區南京東路二段163號1-8樓,3000,18000,40
63000,臺北市旅館394號,承攜行旅台北信義館,(02)23453511,110臺北市信義區基隆路二段15-2號,15000,31680,20
63000,臺北市旅館395號,大倉久和大飯店,(02)25231111,104臺北市中山區南京東路1段9號,50000,160000,208
63000,臺北市旅館397號,西門星辰精典大飯店,(02)23831123,108臺北市萬華區峨眉街72號1至8樓,3380,5380,25
63000,臺北市旅館398號,西門星辰大飯店,(02)23898898,108臺北市萬華區峨眉街94號2至9樓,4880,9380,65
63000,臺北市旅館399號,六福居,(02)77010165,104臺北市中山區南京東路一段38號,12000,17000,49
63000,臺北市旅館400號,橙舍背包客國際青年旅館,(02)23119559,108臺北市萬華區漢口街二段41號1-3樓,3600,9000,5
63000,臺北市旅館402號,洛碁大飯店建北館,(02)25095151,104臺北市中山區建國北路一段138巷1號、140號、140號2至11樓、142號、144號,3000,28000,59
63000,臺北市旅館407號,尚印旅店,(02)25682270,104臺北市中山區中山北路二段71號8樓,8800,11800,23
63000,臺北市旅館408號,俞美飯店,(02)23883008,108臺北市萬華區武昌街二段106號2-8樓,1500,12000,42
63000,臺北市旅館409號,長弘時尚旅店,(02)25420101,104臺北市中山區長春路56號3至5樓　,7000,10000,24
63000,臺北市旅館410號,西門邑居自由旅行會館,(02)23616167,108臺北市萬華區西寧南路67號10樓,2300,3800,8
63000,臺北市旅館411號,新麗旅店,(02)23817899,"108臺北市萬華區開封街二段53號3-5,7-9樓",5200,6800,22
63000,臺北市旅館412號,東棧商務旅店,(02)27117721,"106臺北市大安區忠孝東路四段209號8樓,8樓-1,-2,211號8樓,8樓-1",10000,20000,23
63000,臺北市旅館413號,世方旅居文旅,(02)25025000,"104臺北市中山區松江路485號1至5樓,5樓之1-3,6-7樓,7樓之1-5 ",3000,18000,121
63000,臺北市旅館415號,北投天玥泉溫泉會館,(02)28988661,112臺北市北投區中山路3號3樓,12800,12800,21
63000,臺北市旅館416號,WESTGATE HOTEL 永安棧,(02)23313161,108臺北市萬華區中華路一段148號1樓、148之1號1樓及150號1至10樓,4000,50000,121
63000,臺北市旅館417號,儷夏商旅,(02)23116168,108臺北市萬華區中華路一段90號4樓、5樓、6樓、8樓,15000,20000,85
63000,臺北市旅館418號,台糖台北會館,(02)23885522,100臺北市中正區中華路一段39號,5000,7200,68
63000,臺北市旅館419號,台北馥華商旅敦北館,(02)66131300,105臺北市松山區敦化北路4巷52號1至7樓,10200,12800,73
63000,臺北市旅館420號,福泰桔子商務旅館西門店,(02)23115556,108臺北市萬華區中華路一段166之2號1至11樓,5800,6800,60
63000,臺北市旅館421號,富裕自由商旅,(02)27413147,106臺北市大安區忠孝東路四段235號2樓、2樓之1、3樓、3樓之1、4樓之1、5樓之1、6樓之1、7樓、7樓之1及9樓,10000,25000,67
63000,臺北市旅館423號,天閣酒店(台北長安) ,(02)25317777,104臺北市中山區林森北路80號1至14樓  ,8200,20000,80
63000,臺北市旅館424號,東驛商務旅館,(02)23831999,108臺北市萬華區昆明街76號8-9樓,8000,12000,34
63000,臺北市旅館425號,西悠巢旅台北館,(02)25585500,103臺北市大同區民生西路198號之2 (代表號),3400,5280,87
63000,臺北市旅館428號,柯達大飯店台北松江 ,(02)25159999,104臺北市中山區松江路251號 ,2000,22000,85
63000,臺北市旅館429號,三隻老虎青年旅館,(02)23755299,108臺北市萬華區康定路25巷39號4樓,1700,5200,7
63000,臺北市旅館430號,意芙旅店,(02)25532133,103臺北市大同區延平北路二段197號2樓,5980,9900,20
63000,臺北市旅館431號,老爺會館台北林森,(02)25676336,104臺北市中山區林森北路83號4至10樓、11樓、11樓之1、11樓之2、12樓、12樓之1、12樓之2,3000,15000,81
63000,臺北市旅館432號,大師會館國際酒店,(02)25597722,103臺北市大同區市民大道1段211號16樓等25室,6000,15500,24
63000,臺北市旅館433號,和逸．台北民生館,(02)77063399,104臺北市中山區民生東路二段178號1至12樓,13000,85000,134
63000,臺北市旅館434號,謙商旅-東門館,(02)23582520,100臺北市中正區信義路二段163號,7880,20880,85
63000,臺北市旅館435號,華泰瑞舍,(02)25310699,"104臺北市中山區林森北路357及359號2樓,-1,-2,-3,-5,-6至7樓,-1,-2,-3,-5,-6、2樓-7,-8,-9至5樓-7,-8,-9",21000,28000,48
63000,臺北市旅館437號,尚印旅店-二?,(02)25682810,104臺北市中山區中山北路二段71號10樓,8800,11800,20
63000,臺北市旅館438號,品格子旅店,(02)23114511,100臺北市中正區公園路13號10樓,6000,6000,34
63000,臺北市旅館439號,路境行旅-府前館,(02)23899595,100臺北市中正區重慶南路一段86號,6880,22880,158
63000,臺北市旅館441號,和逸 台北忠孝館,(02)77253399,100臺北市中正區忠孝東路一段31號1至12樓,15000,85000,123
63000,臺北市旅館442號,皇家玫瑰旅館中山館,(02)25317333,104臺北市中山區林森北路133巷8號3樓、4樓、7樓,18000,18000,16
63000,臺北市旅館443號,明星大飯店,(02)23755227,108臺北市萬華區成都路21號2至3樓、23號2至3樓、27巷1號2至3樓,12880,16880,34
63000,臺北市旅館444號,橙舍青年旅館（臺北二館）,(02)23119559,"108臺北市萬華區漢口街二段56號2-3樓,58號3樓",3600,16000,22
63000,臺北市旅館445號,酩月大飯店,(02)23755218,108臺北市萬華區成都路21號4至5樓，23號4至5樓，27巷1號4至5樓,12880,16880,31
63000,臺北市旅館446號,方舟旅店,(02)23912600,100臺北市中正區信義路二段255號1至4樓,5500,5500,12
63000,臺北市旅館447號,丰居旅店雙連館,(02)23112555,"104臺北市中山區民生東路一段42號2,3樓,-1至-5",7000,10000,47
63000,臺北市旅館448號,蜂巢 Bee House,(02)25599000,"103臺北市大同區太原路55, 57號2至5樓",5200,7200,31
63000,臺北市旅館449號,旅樂序精品旅館,(02)23832727,100臺北市中正區館前路8號10樓、11樓,5800,7800,34
63000,臺北市旅館450號,龍蝦先生的秘密巢穴,(02)25558752,103臺北市大同區重慶北路一段22號9樓,640,4400,33
63000,臺北市旅館451號,途中•台北國際青年旅舍,(02)28910230,112臺北市北投區光明路82號1至5樓,2000,5600,10
63000,臺北市旅館452號,台北慕軒飯店，臻品之選,(02)77266699,106臺北市大安區敦化南路一段331號1-13樓,19000,130000,124
63000,臺北市旅館453號,復新文旅 ,(02)77337959、 0933-336618,"104臺北市中山區復興北路282號3,6樓 ",5000,6500,19
63000,臺北市旅館456號,洛碁大飯店中華館,(02)23705158,100臺北市中正區中華路一段41號2樓、3樓、10樓至14樓,3000,28000,197
63000,臺北市旅館457號,台北漫步旅店,(02)23831334,108臺北市萬華區成都路163號2至6樓,18000,28000,27
63000,臺北市旅館458號,儷夏旅館-西寧館,(02)23616999,108臺北市萬華區西寧南路30號3樓、9樓,3000,21000,31
63000,臺北市旅館459號,皇家玫瑰旅館站前館,(02)25217222,104臺北市中山區華陰街3號1-4樓,3000,18000,12
63000,臺北市旅館460號,昌亞旅館,(02)25863161,104臺北市中山區林森北路673號1至7樓,8000,8000,29
63000,臺北市旅館461號,台北文華東方酒店,(02)27156888,105臺北市松山區敦化北路158號B3-14樓,39850,693000,303
63000,臺北市旅館462號,大地清旅,(02)27110102,104臺北市中山區長安東路二段246號4至5樓,2500,8500,36
63000,臺北市旅館463號,雀客旅館　,(02)77266277,104臺北市中山區松江路253號1至13樓,9800,12000,65
63000,臺北市旅館465號,安庭澔思青年旅舍,(02)25526176,103臺北市大同區承德路一段66號12樓,2500,8000,4
63000,臺北市旅館466號,卡樂町旅店,(02)23826000,108臺北市萬華區內江街55巷22號,2288,2288,20
63000,臺北市旅館467號,信星旅館,(02)25562015,103臺北市大同區華陰街48號至48之11號4樓、50號至50之11號5樓,3200,4200,57
63000,臺北市旅館468號,昇美精旅,(02)25111399,104臺北市中山區新生北路二段25號1至6樓,18000,28800,42
63000,臺北市旅館469號,千彩格精品旅店　,(02)25637555,104臺北市中山區林森北路286號2至3樓,6880,14000,19
63000,臺北市旅館470號,有誠商旅,(02)88615599,111臺北市士林區至善路二段55號4樓至10樓,11000,18000,64
63000,臺北市旅館471號,拾光行旅,(02)25574999,103臺北市大同區延平北路二段255號2樓,8000,10000,49
63000,臺北市旅館474號,首都大飯店松山館,(02)77375577,105臺北市松山區八德路四段658號1至12樓,13200,19800,123
63000,臺北市旅館476號,皇家玫瑰旅館西門館,(02)23819333,108臺北市萬華區西寧南路63之1號,15000,15000,7
63000,臺北市旅館477號,洛碁大飯店驛,(02)23819199,100臺北市中正區重慶南路1段21號1至10樓及15號2至10樓,6000,36000,103
63000,臺北市旅館478號,思泊客,(02)27230999,"110臺北市信義區信義路五段16號B1,18號B1,B1-1",11800,11800,45
63000,臺北市旅館479號,誠品行旅,(02)66262888,110臺北市信義區菸廠路98號、2樓、3樓,26000,200000,104
63000,臺北市旅館481號,松哖酒店,(02)27070101,106臺北市大安區仁愛路三段6號及8號1至12樓,8500,18000,89
63000,臺北市旅館482號,台北西門窩青年旅館,(02)23315100,108臺北市萬華區漢中街42號8樓,3000,3000,6
63000,臺北市旅館483號,凡登商旅●二館,(02)87710852,106臺北市大安區忠孝東路4段197號14樓之2、6、8,20000,20000,32
63000,臺北市旅館484號,沃田旅店,(02)28752288,111臺北市士林區中山北路七段127號1至13樓,2400,7500,172
63000,臺北市旅館485號,承攜行旅台北復北館,(02)27122155,105臺北市松山區復興北路307號1至7樓,18000,22000,65
63000,臺北市旅館486號,瘋台北青旅,(02)23821818,100臺北市中正區延平南路21號2樓及6樓,25600,25600,17
63000,臺北市旅館488號,豪景大酒店新館,(02)23113130,108臺北市萬華區成都路173之1號B2及1至7樓,6600,11000,48
63000,臺北市旅館489號,天閣酒店台北復興,(02)87128000,105臺北市松山區復興北路147號1至12樓,10200,30000,70
63000,臺北市旅館491號,互舍商旅台北館,(02)25533919,103臺北市大同區重慶北路二段172號1至14樓、5樓之1至14樓之1及174號、保安街13、11號4樓,3600,36000,148
63000,臺北市旅館492號,品格子旅店西門館,(02)23618008,108臺北市萬華區西寧南路30號8樓,750,7600,35
63000,臺北市旅館493號,台北中山意舍酒店,(02)25652828,104臺北市中山區中山北路二段57之1號1至8樓,5100,15500,90
63000,臺北市旅館495號,小公館人文旅舍,(02)27690200,"105臺北市松山區南京東路五段399號5,8,14樓",6000,25200,20
63000,臺北市旅館497號,?美精旅,(02)23832088,100臺北市中正區重慶南路1段111號,8000,16000,38
63000,臺北市旅館499號,綺樂文旅 康定館,(02)23615868,108臺北市萬華區康定路32號1至6樓,8800,8800,23
63000,臺北市旅館500號,北門臥客青年旅舍,(02)25557177,103臺北市大同區甘谷街26號2樓之1,4000,8000,5
63000,臺北市旅館502號,新驛旅店復興北路店,(02)25158777,104臺北市中山區復興北路338號,9600,15500,120
63000,臺北市旅館503號,朵兒旅館,(02)25232699,104臺北市中山區新生北路1段66號2樓 ,2000,29000,7
63000,臺北市旅館505號,東楓商旅,(02)27211511,106臺北市大安區忠孝東路四段209號7樓、7樓之1、7樓之2、211號7樓,2000,20000,22
63000,臺北市旅館507號,浩室物業1館,(02)77553617,108臺北市萬華區昆明街316號、318號,2400,9600,11
63000,臺北市旅館508號,艾特文旅,(02)23885558,108臺北市萬華區武昌街二段124之2號4樓,13920,17520,29
63000,臺北市旅館509號,賦樂旅居,(02)27111118,106臺北市大安區大安路一段56號、56號4樓,16170,24255,42
63000,臺北市旅館512號,清翼居旅店童話館,(02)23117168,100臺北市中正區開封街1段36號3-7樓,6900,8900,39
63000,臺北市旅館514號,城市商旅德立莊分館,(02)23757777,100臺北市中正區秀山街4號5-12樓、15樓；衡陽路99號5-12樓、15樓；延平南路110號5-11樓、15樓,18000,20000,535
63000,臺北市旅館515號,町記憶旅店,(02)23709830,108臺北市萬華區昆明街117號、117之1至之6號及119號、119之1至之6號1至7樓,16800,28800,42
63000,臺北市旅館516號,鉑泊客,(02)23755555,100臺北市中正區漢口街1段50號1-5樓,3080,3680,58
63000,臺北市旅館518號,約克旅店,(02)23705528,100臺北市中正區南陽街13號4樓,2280,5690,17
63000,臺北市旅館519號,台北發現青年旅舍,(02)25980209,104臺北市中山區民權東路二段21號5、6樓,6000,14000,7
63000,臺北市旅館520號,二十輪旅店大安店,(02)27032220,106臺北市大安區大安路一段183號，185號，185號2樓至7樓,4500,26000,30
63000,臺北市旅館521號,福爾摩莎壹零壹旅館,(02)23771579,110臺北市信義區基隆路二段115號5樓、5樓之1及9樓,1650,4400,34
63000,臺北市旅館523號,台北六福萬怡酒店,(02)21716565,115臺北市南港區忠孝東路七段359號7-30樓,12000,100000,465
63000,臺北市旅館525號,番茄行旅,(02)25555930,103臺北市大同區太原路156-2號5樓,4000,6500,5
63000,臺北市旅館526號,壹零壹艾美琪旅店,(02)27728101,106臺北市大安區復興南路一段126巷1號4樓,18000,28800,36
63000,臺北市旅館528號,沃客商旅-西門館,(02)23812633,108臺北市萬華區中華路一段144號10樓,980,19800,23
63000,臺北市旅館530號,甄美精品商旅,(02)25639696,104臺北市中山區林森北路259巷9號2樓,18000,22000,41
63000,臺北市旅館532號,天使青旅,(02)23131319,100臺北市中正區衡陽路51號2樓之2,399,1320,8
63000,臺北市旅館533號,能量旅店,(02)23121211,108臺北市萬華區康定路25巷38號,4800,6400,4
63000,臺北市旅館534號,洛碁大飯店南京館,(02)25098882,104臺北市中山區南京東路三段8號1樓至14樓,3000,30000,116
63000,臺北市旅館538號,藝宿商旅,(02)25506655,103臺北市大同區重慶北路一段116號2樓至11樓及11樓夾層,6160,8800,69
63000,臺北市旅館539號,方舟旅店 長安復興,(02)27727750,104臺北市中山區長安東路二段246號3樓、10樓及11樓,4300,18880,82
63000,臺北市旅館540號,峻美精旅,(02)25312338,104臺北市中山區長春路62號6樓 ,13000,22000,15
63000,臺北市旅館541號,天雲旅棧台北基河,(02)28856666,111臺北市士林區基河路18號,20000,20000,31
63000,臺北市旅館542號,台北天晴旅店,(02)23319391,100臺北市中正區懷寧街92-2號1至6樓,5000,20000,15
63000,臺北市旅館544號,丰居旅店忠孝館,(02)77116368,106臺北市大安區復興南路1段126巷1號3樓(含3樓、3樓夾層、4樓),2420,20000,21
63000,臺北市旅館545號,怡品商旅,(02)27766136,106臺北市大安區忠孝東路四段87號13､14樓,1000,25000,81
63000,臺北市旅館546號,姆提文創旅店,(02)23897563,106臺北市大安區信義路三段147巷5弄4號1樓,2380,16000,11
63000,臺北市旅館547號,禾順行旅,(02)23081000,108臺北市萬華區廣州街247號及247號2至6樓,10000,20000,98
63000,臺北市旅館548號,清翼居旅店采風館,(02)23123661,100臺北市中正區南陽街8號2至5樓,6500,8000,50
63000,臺北市旅館549號,丰居旅店北車館,(02)23142121,100臺北市中正區重慶南路一段60號,10000,12000,23
63000,臺北市旅館553號,米尼旅店,(02)23881516,100臺北市中正區忠孝西路一段23號5至6樓,1000,3260,8
63000,臺北市旅館554號,寧夏2號旅店,(02)25507619,103臺北市大同區寧夏路2號,14880,16880,19
63000,臺北市旅館556號,台北松山意舍酒店,(02)26532828,115臺北市南港區市民大道七段8號17樓至21樓,3465,135135,190
63000,臺北市旅館557號,趣旅館•林森館,(02)25683242,104臺北市中山區林森北路487號1樓至2樓,3650,11700,123
63000,臺北市旅館558號,綺樂文旅 開封館,(02)23615889,100臺北市中正區開封街一段35號1至8樓,2300,12000,63
63000,臺北市旅館559號,洛碁大飯店松山館,(02)27837088,115臺北市南港區玉成街149號,3000,30000,97
63000,臺北市旅館560號,獅城旅館,(02)25591231,103臺北市大同區華陰街179號3-5樓,600,2480,67
63000,臺北市旅館561號,日日吉旅店,(02)25991787,103臺北市大同區昌吉街1號 1樓至3樓,980,2380,21
63000,臺北市旅館562號,路徒行旅-中華館,(02)23120589,100臺北市中正區延平南路68號,8880,35880,68
63000,臺北市旅館564號,旅樂序精品旅館三館,(02)23758333,100臺北市中正區懷寧街34號1至8樓,3988,5188,41
63000,臺北市旅館565號,漫旅時光,(02)25617711,104臺北市中山區林森北路282號3樓,6600,9600,20
63000,臺北市旅館567號,洛碁大飯店忠孝館,(02)27116869,106臺北市大安區忠孝東路四段180號1樓、4樓至14樓,3000,28000,150
63000,臺北市旅館568號,旅城驛鎮南京二館,(02)25718875,104臺北市中山區南京東路2段11號11樓,2780,12700,10
63000,臺北市旅館569號,背包棧旅店-台北長春店,(02)25180188,104臺北市中山區長春路258巷6號2樓,2500,24000,43
63000,臺北市旅館570號,台北北門窩泊旅,(02)25525068,103臺北市大同區太原路92巷2之1、2之2、2之3、2之4號(1樓至4樓),540,4500,19
63000,臺北市旅館572號,斯格加旅店,(02)25629117,104臺北市中山區林森北路72號1樓至4樓,1500,7000,7
63000,臺北市旅館573號,詩漫精品旅館,(02)23820111,100臺北市中正區館前路8號6樓,9770,11530,33
63000,臺北市旅館575號,城市商旅昆明館（HOTEL PAPA WHALE）,(02)23311177,108臺北市萬華區昆明街46號地下1樓、46號及46號2至4樓、4樓之2、4樓之3,12020,22000,335
63000,臺北市旅館576號,碩美精品飯店,(02)25621598,104臺北市中山區中山北路2段71號3樓,15000,26800,25
63000,臺北市旅館577號,卡夫人背包客棧,(02)23881666,100臺北市中正區館前路34號7樓,300,6000,14
63000,臺北市旅館578號,禾裕 北車,(02)29643678,100臺北市中正區重慶南路一段1號3樓,1600,3600,23
63000,臺北市旅館579號,大安公園旅店,(02)23965222,100臺北市中正區信義路2段271號8樓,650,18000,13
63000,臺北市旅館580號,帛堯初見輕旅,(02)23886813,108臺北市萬華區忠孝西路2段38號,1600,8000,4
63000,臺北市旅館581號,進綵商旅,(02)25536711,103臺北市大同區迪化街一段334號1至3樓,5750,12000,6
63000,臺北市旅館582號,在家行旅西門館,(02)23619000,108臺北市萬華區昆明街96巷8號1樓,5000,20000,5
63000,臺北市旅館583號,涪美飯店,(02)23810086,100臺北市中正區重慶南路一段94號,5600,20000,49
63000,臺北市旅館584號,台灣青旅,(02)23613000,100臺北市中正區青島西路11號地下1樓,4000,5000,12
63000,臺北市旅館585號,夾腳拖的家長安122,(02)25585050,103臺北市大同區長安西路 122 號、124號 1至4樓,1000,5000,31
63000,臺北市旅館587號,仲信大湖商旅,(02)27932122,114臺北市內湖區成功路四段351、353號1至4樓,6000,6000,27
63000,臺北市旅館589號,朗司旅館,(02)27018110,106臺北市大安區信義路3段147巷18號、2樓至7樓、2樓之1及6樓之1,5500,18000,25
63000,臺北市旅館591號,皇后旅店二館,(02)25555877,103臺北市大同區南京西路163號四樓之2,6800,6800,30
63000,臺北市旅館592號,旅樂序精品旅館二館,(02)23757555,100臺北市中正區漢口街一段15號1至8樓,2488,9800,58
63000,臺北市旅館593號,東門3號膠囊旅店,(02)23583299,106臺北市大安區信義路2段110號,650,80000,4
63000,臺北市旅館594號,台北北投雅樂軒酒店,(02)77011788,112臺北市北投區中央里大業路302號、300巷1號，2樓,11000,28000,292
63000,臺北市旅館596號,柯達大飯店台北天津 ,(02)25812222,104臺北市中山區中山北路1段53巷22號、22號4樓至8樓 ,1500,15000,57
63000,臺北市旅館598號,東驛 E-HOUSE,(02)23615161,108臺北市萬華區西寧南路155號3F,7000,7000,13
63000,臺北市旅館599號,錦棧商旅,(02)77012121,104臺北市中山區林森北路413號2樓、7樓、7樓之14及錦州街46號7樓、48號7樓、46號13樓、48號13樓,14800,29800,92
63000,臺北市旅館601號,東旅,(02)27663889,105臺北市松山區南京東路五段97號地下1樓、1樓夾層、1至10樓,5800,15000,35
63000,臺北市旅館602號,樂山水靜旅館 OrigInn,(02)25588843,103臺北市大同區南京西路247號,8880,8880,5
63000,臺北市旅館603號,洛碁大飯店南港館,(02)27893009,115臺北市南港區忠孝東路七段526號1-14樓、528號2-14樓,3000,30000,120
63000,臺北市旅館605號,陽光士林珮柏旅館,(02)28817588,111臺北市士林區福德路48巷6、8、10、12號1至7樓,6000,9500,56
63000,臺北市旅館607號,侘侘行旅,(02)89782345,100臺北市中正區公園路13號8樓、9樓,15000,15000,49
63000,臺北市旅館608號,愛玩客旅店,(02)23316008,108臺北市萬華區西寧南路30號12樓,500,2000,1
63000,臺北市旅館611號,柯達大飯店 台北長安,(02)25169999,104臺北市中山區松江路61之1號1樓、4樓至11樓,1000,30000,103
63000,臺北市旅館612號,尚美精旅,(02)25230188,104臺北市中山區民生西路16號4樓,15000,22000,14
63000,臺北市旅館613號,慕誠行旅,(02)27252168,110臺北市信義區基隆路二段48號1樓至3樓,100,50000,33
63000,臺北市旅館616號,町記憶旅店2館,(02)23709830,108臺北市萬華區昆明街113號2-4樓，115號1-4樓,16800,38800,27
63000,臺北市旅館617號,旅晨行旅,(02)23116388,100臺北市中正區重慶南路一段1號2樓,1300,7200,23
63000,臺北市旅館618號,世民酒店台北北門,07-10161061,100臺北市中正區中華路一段3號(1樓至26樓),6000,20000,267
63000,臺北市旅館619號,皇家玫瑰旅館 雙城館,(02)25958077,104臺北市中山區雙城街28巷8號、8號2樓至4樓、8之1號(1樓)、8之3號(2樓)、8之5號(3樓)、8之7號(4樓),3500,20000,17
63000,臺北市旅館620號,美好行旅北車重慶館,03-2873706,100臺北市中正區重慶南路一段1號5樓,12800,16800,14
63000,臺北市旅館622號,亞太飯店 北投館,(02)28983088,112臺北市北投區幽雅路31號,10000,38390,140
63000,臺北市旅館623號,旅樂序精品旅館五館,(02)23756777,100臺北市中正區重慶南路一段20號B1樓至10樓,5200,6400,57
63000,臺北市旅館624號,凱達大飯店,(02)23066777,108臺北市萬華區艋舺大道167號,9800,68800,745
63000,臺北市旅館625號,台北臥客旅店,(02)25557177,103臺北市大同區甘谷街26號7樓,3000,3000,13
63000,臺北市旅館626號,台灣柒天精品旅店,(02)23085222,108臺北市萬華區環河南路二段282號1至4樓,2000,3000,36
63000,臺北市旅館627號,謙商旅(谷墨商旅-師大館),(02)23955535,106臺北市大安區和平東路一段145號2至4樓、147 號5至6樓、6樓之1、6樓之2,15880,20880,92
63000,臺北市旅館628號,台北這地方微旅店,(02)25637522,104臺北市中山區吉林路294號(1樓)及294之1號(2樓),1500,6000,3
63000,臺北市旅館629號,阿樹國際旅店,(02)25787728,105臺北市松山區八德路三段76號1樓、4樓至14樓,10400,36000,141
63000,臺北市旅館630號,文舺行旅,(02)23064990,108臺北市萬華區西園路一段139號1-4樓,2600,4800,9
63000,臺北市旅館631號,儷客旅店-站前店,(02)23118081,100臺北市中正區忠孝西路一段72號5樓及5樓之1,3000,21000,30
63000,臺北市旅館632號,富裕自由旅店林森館,(02)25671333,104臺北市中山區林森北路85巷23號1至2樓,10000,15000,11
63000,臺北市旅館633號,南陽街壹號旅店,(02)23888377,100臺北市中正區南陽街1號3樓至4樓,3000,4800,79
63000,臺北市旅館634號,漫映旅舍,(02)25222111,104臺北市中山區吉林路32號1-5樓,1500,20000,14
63000,臺北市旅館635號,和昌商務旅館台北西門館,(02)23088828,108臺北市萬華區桂林路24號1-5樓,3500,4800,16
63000,臺北市旅館636號,合星旅館,(02)27218225,106臺北市大安區忠孝東路四段147巷5號3樓,1000,5000,18
63000,臺北市旅館638號,智慧環境會館-菁山遊憩區,(02)28625116,111臺北市士林區菁山路101巷71弄16號,3500,10000,17
63000,臺北市旅館640號,城市商旅 北門館,(02)25525777,103臺北市大同區長安西路265號1至6樓及267號1至6樓,9000,12000,65
63000,臺北市旅館641號,慶爾喜旅館長沙一館,(02)77309920,108臺北市萬華區長沙街二段11號2樓,2200,3000,15
63000,臺北市旅館642號,慶爾喜旅館長沙二館,(02)77309920,108臺北市萬華區長沙街二段11號3樓之1,10000,10000,6
63000,臺北市旅館643號,泊居旅店,(02)25417766,104臺北市中山區林森北路96號3樓、3樓之1 ,6800,9900,14
63000,臺北市旅館644號,睡覺盒子旅館,(02)55713712,100臺北市中正區衡陽路34號1樓及36號地下之1、地下之2,1300,6000,41
63000,臺北市旅館646號,台北五號商旅,(02)23883067,100臺北市中正區延平南路160之5號(1樓至4樓),12000,12000,6
63000,臺北市旅館647號,謙匯普樂室行旅,(02)87864188,110臺北市信義區信義路5段109號地下1樓,580,9900,40
63000,臺北市旅館648號,木文陶喜時尚旅館,(02)27494698,110臺北市信義區基隆路一段155號2樓之2、2樓之3,6800,12800,15
63000,臺北市旅館649號,吉泰旅店,(02)28822278,111臺北市士林區大東路93號1至4樓,6000,6000,19
63000,臺北市旅館650號,米窩飯店-大安,(02)27520006,106臺北市大安區忠孝東路四段107號7樓、7樓之2,2000,18000,20
63000,臺北市旅館651號,台北宿之酒店．臻品之選,(02)23755511,108臺北市萬華區環河南路一段51號2至14樓,30000,80000,87
63000,臺北市旅館652號,苓旅松山小巨蛋館,0977-694944,105臺北市松山區八德路三段2號14樓 ,4500,24000,34
63000,臺北市旅館654號,福爾摩莎北驛旅館,(02)23816089,100臺北市中正區漢口街1段45號2、4樓及47號2樓,2000,15000,41
63000,臺北市旅館655號,果芒驛站旅店,(02)23706808,100臺北市中正區忠孝西路一段50號23樓之18 ,3000,6000,2
63000,臺北市旅館656號,台北士林萬麗酒店,(02)88612389,111臺北市士林區中山北路五段470巷8號,6000,180000,104
63000,臺北市旅館657號,天成文旅 華山町,(02)23515188,100臺北市中正區忠孝東路二段79號（1-3樓）,6000,9500,72
63000,臺北市旅館659號,城鄉旅坊台北,(02)25029955,104臺北市中山區松江路95之1號4樓,3880,9880,11
63000,臺北市旅館661號,宜家居商旅,(02)28910502,112臺北市北投區中和街40號3樓及3樓之1,4900,4900,39
63000,臺北市旅館662號,陽明山美國渡假村,(02)28623232,111臺北市士林區凱旋路69號、71號及61巷2弄6至10號,3980,8700,28
63000,臺北市旅館663號,五月家青旅 北車館,(02)23822929,100臺北市中正區忠孝西路一段122號6樓,600,4000,5
63000,臺北市旅館664號,懷特豪斯青年旅舍,(02)37656578,105臺北市松山區南京東路五段123巷1號1至4樓、1之1號2至4樓、1之2號2至4樓,7500,26000,38
63000,臺北市旅館665號,沃客汽車旅館,(02)28226666,112臺北市北投區承德路七段236號,22999,22999,63
63000,臺北市旅館666號,拉開門輕旅,(02)66044400、 0908-840039,100臺北市中正區紹興北街8號4樓之1至4樓之3,700,3000,6
63000,臺北市旅館667號,正是旅館,(02)23718230,110臺北市信義區基隆路一段182號1樓至7樓,25000,25000,18
63000,臺北市旅館668號,九昱晴美 ,(02)66080807,104臺北市中山區林森北路568號2至13樓，3樓之1、2、3、5、6至12樓之1、2、3、5、6，13樓之1,10800,21800,62
63000,臺北市旅館669號,皇家玫瑰旅館新生館,(02)27522077,106臺北市大安區新生南路一段103巷37號(1至5樓),3000,22000,21
63000,臺北市旅館671號,門埕青旅,(02)25585676,103臺北市大同區鄭州路21巷10號(1至3樓),12600,12600,2
63000,臺北市旅館672號,漫步1948,(02)25588812,103臺北市大同區太原路40、42、44號(1至4樓),20000,25000,24
63000,臺北市旅館674號,台北國泰萬怡酒店 ,(02)77503377,104臺北市中山區民生東路三段6號地下1樓、1、2、14至20樓,15000,100000,227
63000,臺北市旅館675號,凱旋酒店,(02)87527888,114臺北市內湖區江南街55號3樓、9樓,8800,38800,88
63000,臺北市旅館676號,天閣酒店台北劍潭,(02)28862999,111臺北市士林區基河路16之6號1樓至12樓,10500,30000,72
63000,臺北市旅館677號,台北中山九昱希爾頓逸林酒店,(02)66199999,"104臺北市中山區中山北路一段121巷1之1號,121巷1號1樓至14樓",18000,120000,105
63000,臺北市旅館678號,艾爾行旅,(02)27418080,106臺北市大安區忠孝東路四段87號7樓、7樓之2、7樓之3、7樓之4及7樓之8,4800,26000,40
63000,臺北市旅館679號,美侖商旅,(02)25313535,104臺北市中山區吉林路49號1至8樓,16000,18000,70
63000,臺北市旅館681號,雅璞文旅,(02)23709966,100臺北市中正區黎明里10鄰館前路8號5樓及8樓,12800,16800,64
63000,臺北市旅館682號,109 Inn Taipei 台北109旅店,0905-972109,100臺北市中正區博愛路36號3樓、7樓,3500,50000,14
63000,臺北市旅館683號,幸福蘋果旅店,(02)23117877,108臺北市萬華區峨眉街109、109-2號(1樓部分、2至7樓),4000,8000,49
63000,臺北市旅館684號,松河璞旅,(02)25281567,105臺北市松山區松河街112號1樓至8樓,2600,13000,42
63000,臺北市旅館686號,金普頓大安酒店,(02)27792000,106臺北市大安區仁愛路四段27巷23號3樓至11樓、25號、25號3樓至11樓、27號2樓至14樓,16000,30000,129
63000,臺北市旅館687號,碩城文旅,(02)21001023,104臺北市中山區中山北路一段105巷12-6號2至8樓,1280,9800,32
63000,臺北市旅館689號,南港老爺行旅,(02)77500588,115臺北市南港區經貿二路196號.196號10樓至20樓,4500,19800,179
63000,臺北市旅館690號,玩行旅 台北館,(02)23212680,100臺北市中正區金山南路1段8號1樓至8樓,12880,13880,49
63000,臺北市旅館691號,野趣旅舍 T.O.HOTEL,(02)25521300,103臺北市大同區承德路二段28號1至5樓,2680,9800,16
63000,臺北市旅館693號,門草行旅,(02)25577045,103臺北市大同區安西街23號1至4樓（不含安西街25號1樓）,8800,8800,4
63000,臺北市旅館694號,小角落旅店,(02)25991699,103臺北市大同區民族西路33號(1至4樓),600,48000,5
63000,臺北市旅館696號,丹居青旅,0977-066154,108臺北市萬華區漢中街154號,1500,4000,11
63000,臺北市旅館697號,甲山林湯旅JSL hotel,(02)25012222,104臺北市中山區興安街56、58、60號1樓，62號1至9樓,15000,30000,157
63000,臺北市旅館698號,日光拾玖,(02)23889998,100臺北市中正區忠孝西路一段50號19樓、19樓之1、之2、之5、之17、之27、之29、之31、之43及19樓等共同使用,38000,48000,40
63000,臺北市旅館700號,洛碁三貝茲,(02)27630555,105臺北市松山區八德路四段16號1-7樓,3000,30000,54
63000,臺北市旅館701號,城市商旅站前館,(02)25507000,103臺北市大同區延平北路一段51號1至3樓及53號1樓,13200,19800,92
63000,臺北市旅館702號,華達大飯店 ,(02)23110212,100臺北市中正區重慶南路一段1號6樓,7000,18000,14
63000,臺北市旅館703號,豪城商旅民生館,(02)27137078,105臺北市松山區民生東路三段113巷7弄11號1樓至6樓,3200,4000,38
63000,臺北市旅館704號,天雲旅棧台北中山,(02)25216666,"104臺北市中山區中山北路一段83巷7,7之1號至7之18號",7000,9800,56
63000,臺北市旅館705號,MVSA 慕舍酒店,(02)25006772,104臺北市中山區建國北路一段61號,18800,36800,38
63000,臺北市旅館706號,瀚寓酒店,(02)87583777,110臺北市信義區基隆路一段206號1至12樓,16000,60000,120
63000,臺北市旅館708號,台北大直英迪格酒店,(02)35187777,104臺北市中山區植福路200號（地上1樓部分）、200號5樓（地上5層至10層）,5000,309600,149
63000,臺北市旅館709號,配普特行旅,(02)25583669,103臺北市大同區鄭州路21巷4號(1樓至3樓),5000,12000,9
63000,臺北市旅館711號,町記憶旅店3館,(02)23709930,108臺北市萬華區昆明街142號2、3樓,18800,28800,44
63000,臺北市旅館712號,苓旅旅館中山館,(02)25084588,"104臺北市中山區建國北路2段91號1樓,93號1至7樓,2樓-1至7樓-1,95巷2號1樓,4號1樓",3280,15000,42
63000,臺北市旅館713號,和旅瓏旅館西門館,(02)23616569,108臺北市萬華區西寧南路105號2至5樓、2樓之1至5樓之1,3150,26000,42
63000,臺北市旅館714號,野趣光延旅館,(02)23140202,100臺北市中正區開封街一段2號2樓,1480,6800,44
63000,臺北市旅館715號,藝築文旅開封館,(02)23312986,108臺北市萬華區開封街二段63號,4280,17800,12
63000,臺北市旅館717號,日好青旅,(02)25558667,103臺北市大同區甘谷街26號6樓,3000,6000,11
63000,臺北市旅館719號,盤古捷旅,(02)25671001,104臺北市中山區中山北路1段135巷39號(地上層至7層),4400,8800,50
63000,臺北市旅館720號,天閣酒店台北士林,(02)28866888,111臺北市士林區基河路16-8號1樓至11樓,20000,20000,51
63000,臺北市旅館722號,美亞商旅,(02)23313001,100臺北市中正區忠孝西路一段50號3樓至5樓及3樓之1至5樓之1,12000,24000,264
63000,臺北市旅館723號,和苑三井花園飯店  台北忠孝,(02)27811131,106臺北市大安區忠孝東路三段30號,12500,40000,297
63000,臺北市旅館724號,所在行旅,(02)77552077,100臺北市中正區忠孝西路一段50號 24樓之6,800,12000,2
63000,臺北市旅館725號,旅家雅舍,0926-657353,100臺北市中正區南昌路二段222號11樓,8000,16000,7
63000,臺北市旅館727號,路徒PLUS行旅-主題館,(02)23311788,100臺北市中正區忠孝西路一段80號5至12樓,18880,43880,109
63000,臺北市旅館728號,台北時代寓所,(02)77521888,100臺北市中正區林森南路7號1至14樓、7-1號1樓,15800,20000,175
63000,臺北市旅館729號,白色空間設計旅店,(02)23822200,100臺北市中正區許昌街40號4樓、4樓之1、4樓之2,6800,8800,13
63000,臺北市旅館730號,雀客旅館台北站前,(02)23120522,100臺北市中正區襄陽路4號(1至10樓),10560,22800,100
63000,臺北市旅館731號,玉璽精品飯店,(02)28766579,111臺北市士林區中山北路七段14巷2之3號2至10樓、11樓（11層及12層）,4950,6600,85
63000,臺北市旅館732號,大湖璞旅,(02)26338555,114臺北市內湖區成功路五段462號1樓、3樓至14樓、3樓之1至3樓之6、4樓之1至4樓之13、5樓之2至5樓之13、6樓之2至6樓之13、7樓之2至7樓之12、8樓之1至8樓之13、 9樓之1至9樓之13、10樓之,5000,30000,148
63000,臺北市旅館733號,瑞絲逸旅店,(02)25641372,104臺北市中山區林森北路96號2樓之1、之2,1580,4880,9
63000,臺北市旅館734號,旅城驛鎮,(02)25081848,104臺北市中山區松江路95-1號6樓 ,10000,12000,10
63000,臺北市旅館735號,柯達大飯店台北林森,(02)25712222,104臺北市中山區林森北路74號、76號(1樓至8樓 ) ,1000,15000,49
63000,臺北市旅館736號,森浩文旅-STEP INN,(02)27609090,105臺北市松山區饒河街131、133號2至3樓,6800,12800,28
63000,臺北市旅館737號,趣西門旅店,(02)23618266,108臺北市萬華區武昌街二段72號7樓,10000,20000,27
63000,臺北市旅館738號,慶爾喜旅館,(02)77309920,108臺北市萬華區武昌街二段72號11樓,25000,25000,6
63000,臺北市旅館741號,悅心旅,(02)25591525,103臺北市大同區重慶北路1段61號1樓 至3樓,3800,6800,14
63000,臺北市旅館742號,路徒PLUS行旅-站前館 ,(02)23886366,100臺北市中正區忠孝西路一段80號4樓、24至35樓,33888,48888,127
63000,臺北市旅館743號,米窩飯店-西門,(02)23759951,108臺北市萬華區成都路101、103號1-6樓,20000,20000,34
63000,臺北市旅館744號,藝築文旅台北站前館,(02)23820150,100臺北市中正區襄陽路8號3至11樓,28800,39800,90
63000,臺北市旅館745號,格拉斯麗台北飯店,(02)23220118,100臺北市中正區忠孝東路2段89號3至19樓,13000,13000,248
63000,臺北市旅館746號,見潭璞旅,(02)28831777,111臺北市士林區承德路四段250號,12000,20000,240
63000,臺北市旅館748號,時尚居商旅,(02)25090102,"104臺北市中山區民生東路三段9巷1之1號2樓, 1之1號 3樓,1之1號4樓, 1之2號2樓, 1之2號3樓, 1之2號4樓, 1之3號2樓, 1之3號3樓, 1之3號4樓",6000,10000,8
63000,臺北市旅館749號,雅齊旅館,(02)23709988,100臺北市中正區重慶南路1段86號3樓、3樓之1、4樓、4樓之1、5樓及3樓、4樓等共同使用、5樓共同使用,6800,19880,93
63000,臺北市旅館750號,城市商旅德立莊二館,(02)23703258,100臺北市中正區衡陽路97號2樓、97之1號2樓、99號2樓、101號2樓、101號2樓之1、103號2樓、103號2樓之1、105號2樓、延平南路110號2-4樓,14000,16000,199
63000,臺北市旅館751號,日野苑,(02)23889998,100臺北市中正區重慶南路1段18號2樓至7樓,8000,9800,35
63000,臺北市旅館752號,寒居酒店 Humble Boutique Hotel,(02)66008000,104臺北市中山區松江路116號1樓至9樓,15000,38000,111
63000,臺北市旅館753號,星西門行旅,(02)23313188,108臺北市萬華區西寧南路36號9樓、9樓之1、9樓之31至43、9樓之45至51、10樓之1,10000,20000,54
63000,臺北市旅館754號,陸號行旅萬年館,(02)23619069,108臺北市萬華區西寧南路70號6樓,1880,5580,39
63000,臺北市旅館755號,北投會館-北捷行旅,(02)28930105,112臺北市北投區大業路527巷88號(2至3樓),5500,12000,42
63000,臺北市旅館756號,喜園旅館,(02)77309920,108臺北市萬華區中華路一段90號3樓、3樓之1、3樓之2,25000,25000,35
63000,臺北市旅館757號,安捷國際公寓酒店,(02)25592900,103臺北市大同區市民大道1段201號15樓、15樓之1至之3、之5至之10,9800,15800,9
63000,臺北市旅館758號,城市商旅北門二館,(02)25525777,103臺北市大同區長安西路271號2樓至4樓、275號1樓至4樓,9000,12000,19
63000,臺北市旅館759號,西門希爾商旅,(02)23810081,108臺北市萬華區峨眉街28號4樓之1、4樓之2、4樓之3,600,4800,15
63000,臺北市旅館760號,米窩飯店-站前,(02)23810028,100臺北市中正區忠孝西路1段50號7樓、7樓之1、之2、之3、8樓,8000,13200,200
63000,臺北市旅館761號,雀客快捷台北永康,(02)23212721,100臺北市中正區信義路二段73號(1至7樓、1樓夾層、公共使用),16500,20000,43
63000,臺北市旅館762號,希爾商旅台北館,(02)25678858,104臺北市中山區南京東路二段11號4至5樓,2000,8000,32
63000,臺北市旅館763號,陸號行旅中華館,(02)23112522,108臺北市萬華區中華路一段90號9樓、11樓,12880,20880,72
63000,臺北市旅館764號,苓旅旅館萬年館,(02)23814188,108臺北市萬華區西寧南路70號7樓,1280,11180,29
63000,臺北市旅館765號,葛瑞絲商旅敦北館 ,(02)27886682,105臺北市松山區敦化北路216號1樓至5樓,4180,14080,34
63000,臺北市旅館766號,珂曼旅館,(02)23886000,108臺北市萬華區西寧南路77號1-15樓、2樓之1-15樓之1、3樓之2-14樓之2、12樓之3-13樓之3、12樓之5,7000,22000,64
63000,臺北市旅館767號,台北棧,(02)23313381,100臺北市中正區許昌街40號5樓、5樓之1、5樓之2、6樓、6樓之1、6樓之2、7樓、7樓之1、7樓之2、7樓之3,6000,15000,34
63000,臺北市旅館768號,天母之星商務會館,(02)28231896,"112臺北市北投區石牌路一段166巷46號,2樓至7樓、2樓之1至5樓之1、2樓之2至5樓之2",6000,12000,17
63000,臺北市旅館769號,慶爾喜旅館西門捷運館,(02)77309920,108臺北市萬華區中華路一段152號7樓、11樓及成都路1號7樓、11樓,18000,35000,21
63000,臺北市旅館770號,陸號行旅西門館,(02)23144003,108臺北市萬華區中華路一段152號5樓、5樓之1、9樓、10樓；成都路1號9樓、10樓,12800,14800,27
63000,臺北市旅館771號,全界精品旅館,(02)23611871,108臺北市萬華區漢口街二段54號10樓,20000,40000,59
63000,臺北市旅館772號,摩莎曼拉商務旅館-西門館,(02)23613350,108臺北市萬華區漢口街二段54號8樓、8樓之1、8樓之6、8樓之7、8樓 之8、9樓、9樓之1,20000,40000,88
63000,臺北市旅館773號,成都壹壹壹商旅,(02)23751022,108臺北市萬華區成都路111號1樓-6樓,12880,29800,11
63000,臺北市旅館774號,優美飯店,(02)25255678,104臺北市中山區民生東路一段28號1-8樓,5250,7650,63
63000,臺北市旅館775號,台灣西鐵國際旅館,(02)23143939,108臺北市萬華區中華路一段88號1樓、6樓至28樓,11700,18000,298
63000,臺北市旅館776號,西門雲町旅店,(02)23112555,108臺北市萬華區漢中街52號12樓至13樓,12000,20000,32
63000,臺北市旅館777號,福華國際文教會館,(02)77122323,106臺北市大安區新生南路3段30號(住宿棟1 樓及5樓至14樓),32000,120000,279
63000,臺北市旅館778號,聖雄商旅,(02)27600920,105臺北市松山區基隆路一段8號、10號17至18樓,6600,15000,37
63000,臺北市旅館779號,柯達大飯店台北南京,(02)27196666,105臺北市松山區南京東路三段333號2至11樓,9200,20000,64
63000,臺北市旅館780號,晶城青年旅館,(02)25507220,103臺北市大同區南京西路288號4樓（本號1戶）,3600,50400,3
63000,臺北市旅館781號,相鐵飯店台北西門,(02)23316203,100臺北市中正區中華路一段57號,12000,25000,200
63000,臺北市旅館782號,客憩旅宿,(02)23116118、 0975-721686,100臺北市中正區重慶南路一段63號2樓,1000,8000,11
63000,臺北市旅館783號,日光樂居,(02)23889978,108臺北市萬華區西寧南路72之1號5樓,12000,12000,27
63000,臺北市旅館784號,瀚寓夏天,(02)87583777,100臺北市中正區汀州路三段62號、3樓、6樓,8000,12700,69
63000,臺北市旅館785號,福泰桔子商務旅館西門漢中店,(02)23811155,108臺北市萬華區漢中街170號1-14樓,10800,10800,66
63000,臺北市旅館786號,美好境界旅店,(02)23617608,108臺北市萬華區西寧南路36號9樓之2、9樓之3、9樓之4,16000,16000,42
63000,臺北市旅館787號,歐法行旅,(02)23711333,108臺北市萬華區中華路一段90號5樓,12000,22000,33
63000,臺北市旅館788號,豐宿創新壹旅,(02)77557937、 0958-089188,103臺北市大同區南京西路165號6樓,2500,12000,28
63000,臺北市旅館789號,藝築文旅昆明館,(02)23610330、 0987-227100,108臺北市萬華區昆明街79號10樓,45800,49800,14
63000,臺北市旅館790號,日初青旅,(02)23615222,100臺北市中正區重慶南路一段49號9樓,1000,5500,12
63000,臺北市旅館791號,金通商旅,(02)25921919、 0977-306059,103臺北市大同區重慶北路一段1號10樓之1,2000,40000,9
63000,臺北市旅館792號,美好行旅,(02)23617608,100臺北市中正區開封街一段2號12樓、12樓之1,800,4500,5
63000,臺北市旅館793號,台北大安伊普索酒店,(02)27117268,106臺北市大安區復興南路一段219之2號1樓、4-12樓,13000,35000,136
63000,臺北市旅館794號,梧邸酒店台北杭州,(02)23933598,100臺北市中正區杭州南路一段12號,9800,23800,73
63000,臺北市旅館795號,頭等艙飯店西門館,(02)23114567,100臺北市中正區中華路一段59號4樓、4樓之1、8樓之1、9樓之1、11樓至13樓,1200,16000,115
63000,臺北市旅館796號,日光樂居成都館,(02)23886898,108臺北市萬華區成都路99號2樓至4樓,2800,20000,14
63000,臺北市旅館797號,大光瀛商旅,(02)23705590,100臺北市中正區忠孝西路1段50號地下3層,3280,3680,49
63000,臺北市旅館798號,享住青旅,0970-939898,100臺北市中正區館前路8號地下1層,600,3600,7
63000,臺北市旅館799號,北投晶泉丰旅,(02)66108000,112臺北市北投區泉源路19號、19之1號（地上1層至地上14層）,22000,66000,100
63000,臺北市旅館800號,貓尾口袋（西門館）,(02)25586002,108臺北市萬華區康定路25巷1號2至4樓,18000,18000,10
63000,臺北市旅館801號,天雲旅棧台北開封,(02)23811111,100臺北市中正區開封街1段33號1至8樓,8000,18000,158
63000,臺北市旅館802號,捷絲旅臺大尊賢館,(02)77355088,106臺北市大安區羅斯福路4段83號1-10樓,12100,17600,76
63000,臺北市旅館803號,臺北嘉佩樂酒店 Capella Taipei,(02)77096868,105臺北市松山區敦化北路131、133、135、137、139號（地下1樓至2樓、14至17樓）及129號地下1樓至2樓,34650,369600,86
63000,臺北市旅館804號,古奈堡精品旅館,(02)23816808,108臺北市萬華區峨眉街28號5樓之1,2000,24000,8
63000,臺北市旅館805號,美好行旅北車漢口館,(02)23818008、 0983-385565,100臺北市中正區漢口街1段45號6樓,350,28000,21
63000,臺北市旅館806號,太子文旅-修齊館,(02)23631066,100臺北市中正區思源街16、16之1號,6600,17600,95
63000,臺北市旅館807號,鉑泊客2館,(02)23755555,100臺北市中正區重慶南路1段37號,900,6000,44
63000,臺北市旅館808號,雀客藏居台北內湖,(02)27956977,114臺北市內湖區成功路二段512、514號地下1樓至10樓,26000,46000,160
63000,臺北市旅館809號,在家行旅南西館,(02)25413959、 0906-825557,103臺北市大同區寧夏路11號2樓、2樓之1、2樓之2、2樓之3,5000,30000,40
63000,臺北市旅館810號,合洋背包客棧,(02)23881505,100臺北市中正區忠孝西路1段23號2、3、4樓,500,1200,6
63000,臺北市旅館811號,茶色部屋行旅 站前館,(02)23822800,100臺北市中正區忠孝西路1段50號26樓,2800,50000,55
63000,臺北市旅館812號,晶棧行旅,(02)23895999,100臺北市中正區公園路13號7樓,1000,8000,14
63000,臺北市旅館813號,?朗旅宿,(02)23418828,106臺北市大安區金華街187號2樓、5樓~13樓,2400,20500,100
63000,臺北市旅館814號,漫步綠洲旅店,(02)23831115,100臺北市中正區寶慶路69號、69號3至7樓及69號等共有部分,7000,80000,54
